epoch,train_loss,val_loss
1,0.557561,0.476136
2,0.463053,0.432542
3,0.424106,0.454035
4,0.399648,0.416589
5,0.381181,0.390067
6,0.366066,0.363029
7,0.351579,0.339193
8,0.339650,0.330748
9,0.329716,0.318663
10,0.326633,0.319559
11,0.322725,0.314669
12,0.320633,0.316559
13,0.317930,0.312075
14,0.316120,0.315329
15,0.317168,0.309817
16,0.315605,0.310577
17,0.313555,0.310870
18,0.312071,0.306333
19,0.309924,0.309647
20,0.308414,0.312344
